{
  "primarySystemNaturalFrequencies": [
    10,
    20,
    40
  ],
  "primarySystemModalDamping": [
    0.01,
    0.01,
    0.01
  ],
  "primarySystemModes": [
    [
      0.1,
      0.1
    ],
    [
      0.1,
      0.1
    ],
    [
      0.1,
      0.1
    ]
  ],
  "excitationNodeOptimization": 1,
  "responseNodeOptimization": 1,
  "excitationNodePlot": 1,
  "responseNodePlot": 1,
  "plotType": 1,
  "neutralizers": [
    {
      "mass": 10.0,
      "optimizationVariables": {
        "real": [
          {
            "name": "frequency",
            "lowerBound": 20,
            "upperBound": 20,
            "discretization": 200
          }
        ],
        "integer": [
          {
            "name": "type",
            "range": [
              0
            ]
          },
          {
            "name": "modal_position",
            "range": [
              1
            ]
          },
          {
            "name": "dynamic_stiffness",
            "range": [
              0
            ]
          }
        ]
      }
    }
  ],
  "additionalParameters": {
    "viscoelasticMaterials": [],
    "userDefinedDynamicStiffnesses": [
      {
        "name": "neutralizer1",
        "range": [
          84865.11359408,
          61864.1347288,
          11720.38288048,
          74154.74611018,
          65679.83695761,
          94053.12192316,
          54749.14512912,
          38770.99592419,
          67730.40758027,
          11743.1795141,
          82922.85273371,
          26834.03051337,
          65564.95890212,
          48953.80986327,
          24997.45395835,
          73334.06912746,
          44816.8764956,
          51165.29438058,
          97286.99894367,
          79414.12204609,
          44894.69854166,
          42930.70184281,
          40488.00434386,
          38874.81412725,
          47572.38021094,
          97030.89166728,
          23061.79261779,
          43816.87633567,
          38851.29059382,
          56806.55273156,
          17290.82528797,
          70531.01483856,
          39440.57507493,
          10887.27495369,
          76946.14007399,
          17186.10657054,
          53072.08779761,
          85365.06258161,
          27688.99524881,
          61455.12224564,
          63283.69164778,
          25531.4066021,
          59441.08189559,
          85975.58326965,
          40249.86617648,
          29444.26122058,
          78522.34251889,
          46106.42646744,
          90411.66797346,
          66792.22384032,
          77550.14658708,
          57269.90763822,
          30335.06130675,
          29104.6596438,
          50476.71254061,
          10160.37964839,
          65298.34510191,
          54626.42382954,
          61456.98319766,
          79643.7771696,
          73791.29045281,
          85762.30783405,
          48021.15256339,
          99375.43410236,
          33791.75613281,
          37273.74731879,
          64480.88785928,
          56958.4159542,
          43764.15069801,
          65716.27490485,
          83172.97620146,
          65240.64047145,
          49794.16057905,
          97070.8661507,
          59800.63739382,
          54724.77219934,
          28650.74198315,
          54269.67766349,
          18780.65992106,
          91512.86849619,
          53390.24978548,
          43637.60414861,
          19035.17296343,
          56571.93645968,
          29907.84997805,
          61834.42261025,
          12243.22080897,
          19512.40442165,
          71933.55440754,
          50246.39182438,
          12850.21510461,
          68997.58913012,
          25192.29115185,
          22762.61164372,
          32461.27896716,
          76695.91514599,
          95897.85217619,
          79351.96782155,
          30769.11055729,
          79906.87260011,
          80461.60236895,
          91419.47199416,
          44436.61479094,
          63562.76289478,
          48433.42721099,
          47094.04559417,
          14483.06025168,
          44992.12555233,
          62236.62810958,
          80706.55781026,
          21219.36280947,
          15607.47343016,
          30814.16920344,
          77225.87670028,
          60648.12906859,
          65438.53459201,
          22668.03621985,
          81720.15942351,
          65223.42118317,
          49121.98203758,
          83017.81539112,
          69156.67820625,
          10197.74051421,
          20325.60964229,
          79317.60230099,
          52402.93743219,
          41131.18401336,
          24368.4373408,
          89556.91617268,
          16341.46557735,
          54053.58110051,
          56999.25168969,
          25639.39661225,
          89760.40326034,
          99568.87995071,
          54116.82853006,
          69024.6906318,
          56388.6379381,
          77429.85533384,
          63888.12709201,
          45797.96895528,
          51133.30271598,
          18711.76281288,
          44130.54224599,
          12376.16191755,
          11171.75644073,
          88335.50085446,
          60557.22758463,
          14700.76156263,
          38100.05190966,
          53241.43605525,
          79360.42228457,
          66986.14363208,
          70685.44939725,
          69907.37582043,
          59417.53091682,
          40399.91033272,
          23990.11752771,
          30058.34877032,
          54468.61055334,
          98326.71899179,
          65260.75566828,
          69762.20863355,
          66926.09578941,
          47938.49660204,
          53359.6496029,
          50495.84206818,
          81634.17669178,
          91785.65487134,
          88060.48487982,
          73282.18576894,
          34095.1550517,
          29996.39428754,
          63636.00285525,
          93483.73907872,
          41174.90023072,
          90326.68469546,
          80424.47065997,
          64204.48812639,
          80123.34109932,
          89738.13800252,
          12988.82388469,
          81410.65102689,
          75855.87813399,
          87133.34537919,
          14315.37827441,
          48587.65567747,
          77236.27248627,
          41875.15707711,
          10196.04219586,
          46427.59232738,
          48139.52432952,
          90826.01021814,
          82134.86925699,
          27239.48144426,
          78433.41524294,
          51513.97022838,
          19175.71879114,
          86081.93603178,
          80083.76626024
        ]
      },
      {
        "name": "neutralizer2",